Rosimar Sales - HK,Liferay-IBPF-43-Cambios
Rosimar Sales - HK,Liferay-IBPF-39-Posicao-Consolidada
Rosimar Sales - HK,Liferay-IBPF-36-Comex
Rosimar Sales - HK,Liferay-IBPF-33-Transferencias
Rosimar Sales - HK,Liferay-IBPF-30-Segunda-Via
Rosimar Sales - HK,Liferay-IBPF-27-Recarga-Movil
Rosimar Sales - HK,Liferay-IBPF-24-Previdencia
Rosimar Sales - HK,Liferay-IBPF-21-Operacoes-Realizadas
Rosimar Sales - HK,Liferay-IBPF-16-Financiamentos
Rosimar Sales - HK,Liferay-IBPF-13-Emprestimos-Consulta
Rosimar Sales - HK,Liferay-IBPF-10-Cheques
Rosimar Sales - HK,Liferay-IBPF-07-Capitalizacao
Rosimar Sales - HK,Liferay ""IBPF-01-PortalNMW""
Rosimar Sales - HK,Liferay-IBPF-05-Busca
Rosimar Sales - HK,Liferay-IBPF-02-Agenda
Rosimar Sales - HK,Liferay ""IBPF-41-Store""
Rosimar Sales - HK,Liferay-IBPF-38-Fundos
Rosimar Sales - HK,Liferay-IBPF-35-Debito-Direto
Rosimar Sales - HK,Liferay-IBPF-32-Tarifas
Rosimar Sales - HK,Liferay ""IBPF-29-Rede Social""
Rosimar Sales - HK,Liferay-IBPF-26-Veiculos
Rosimar Sales - HK,Liferay-IBPF-23-Poupanca
Rosimar Sales - HK,Liferay-IBPF-20-Ofertas
Rosimar Sales - HK,Liferay-IBPF-17-Informe
Rosimar Sales - HK,Liferay-IBPF-14-Emprestimos-Limite
Rosimar Sales - HK,Liferay-IBPF-11-Consorcio
Rosimar Sales - HK,Liferay-IBPF-08-Cartoes
Rosimar Sales - HK,Liferay-IBPF-06-Cadastro
Rosimar Sales - HK,Liferay-IBPF-04-Renegociacao
Rosimar Sales - HK,Liferay ""IBPF-03-Atendimento""
Rosimar Sales - HK,Liferay-IBPF-37-Emprestimos
Rosimar Sales - HK,Liferay-IBPF-40-Seguros
Rosimar Sales - HK,Liferay-IBPF-34-Meu-Perfil
Rosimar Sales - HK,Liferay-IBPF-31-Servicos-Cartoes
Rosimar Sales - HK,Liferay-IBPF-28-Renda-Fixa
Rosimar Sales - HK,Liferay-IBPF-25-Tributos
Rosimar Sales - HK,Liferay-IBPF-22-Pagamentos
Rosimar Sales - HK,Liferay-IBPF-19-Lancamentos
Rosimar Sales - HK,Liferay-IBPF-18-Investimento-COE
Rosimar Sales - HK,Liferay-IBPF-15-Favoritos
Rosimar Sales - HK,Liferay-IBPF-12-Debito
Rosimar Sales - HK,Liferay-IBPF-09-Conta-Corrente
